insert into USER (ID, USERNAME, PASSWORD) values (1, 'PJ', 'n4bQgYhMfWWaL+qgxVrQFaO/TxsrC4Is0V1sFbDwCgg=');
insert into USER (ID, USERNAME, PASSWORD) values (2, 'IRENE', 'n4bQgYhMfWWaL+qgxVrQFaO/TxsrC4Is0V1sFbDwCgg=');
insert into USER (ID, USERNAME, PASSWORD) values (3, 'JOY', 'n4bQgYhMfWWaL+qgxVrQFaO/TxsrC4Is0V1sFbDwCgg=');

insert into MANUFACTURER (NAME) values ('PEDIAHEALTH CORPORATION');
insert into MANUFACTURER (NAME) values ('PHARMA EAST MEDICAL CORP.');
insert into MANUFACTURER (NAME) values ('QUANTUM RUBBER PRODUCTS CORP.');
insert into MANUFACTURER (NAME) values ('NUTRAHERB INC.');
insert into MANUFACTURER (NAME) values ('ALKAPURE WATER RESOURCES INC.');
insert into MANUFACTURER (NAME) values ('CROFS CONSTRUCTION AND DEVELOPMENT CO.');
insert into MANUFACTURER (NAME) values ('FIL-SCAN EXPORTS, INC.');
insert into MANUFACTURER (NAME) values ('STARWORKS ENTERPRISE');
insert into MANUFACTURER (NAME) values ('FIRST PHILIPPINE SCALES, INC.');
insert into MANUFACTURER (NAME) values ('PHILIPPINE ADHESIVES INC.');

insert into PRODUCT_CATEGORY (ID, NAME) values (1, 'PERSONAL CARE');
insert into PRODUCT_CATEGORY (ID, NAME) values (2, 'LAUNDRY');
insert into PRODUCT_CATEGORY (ID, NAME) values (3, 'FOOD');
insert into PRODUCT_CATEGORY (ID, NAME) values (4, 'HOUSEHOLD CLEANERS');

insert into PRODUCT_SUBCATEGORY (PRODUCT_CATEGORY_ID, NAME) values (1, 'BODY CARE');
insert into PRODUCT_SUBCATEGORY (PRODUCT_CATEGORY_ID, NAME) values (1, 'HAIR CARE');
insert into PRODUCT_SUBCATEGORY (PRODUCT_CATEGORY_ID, NAME) values (1, 'DENTAL CARE');
insert into PRODUCT_SUBCATEGORY (PRODUCT_CATEGORY_ID, NAME) values (1, 'FEMININE HYGIENE');
insert into PRODUCT_SUBCATEGORY (PRODUCT_CATEGORY_ID, NAME) values (2, 'DETERGENTS');
insert into PRODUCT_SUBCATEGORY (PRODUCT_CATEGORY_ID, NAME) values (2, 'FABRIC CONDITIONERS');
insert into PRODUCT_SUBCATEGORY (PRODUCT_CATEGORY_ID, NAME) values (2, 'BLEACHES');
insert into PRODUCT_SUBCATEGORY (PRODUCT_CATEGORY_ID, NAME) values (3, 'WINES AND LIQUORS');
insert into PRODUCT_SUBCATEGORY (PRODUCT_CATEGORY_ID, NAME) values (3, 'COFFEE');
insert into PRODUCT_SUBCATEGORY (PRODUCT_CATEGORY_ID, NAME) values (3, 'CANNED GOODS');
insert into PRODUCT_SUBCATEGORY (PRODUCT_CATEGORY_ID, NAME) values (4, 'DISHWASHING PRODUCTS');
insert into PRODUCT_SUBCATEGORY (PRODUCT_CATEGORY_ID, NAME) values (4, 'FLOOR WAX');

insert into PAYMENT_TERM (NAME, NUMBER_OF_DAYS) values ('COD', 0);
insert into PAYMENT_TERM (NAME, NUMBER_OF_DAYS) values ('7 DAYS', 7);

insert into SUPPLIER (CODE, NAME) values ('AMICI', 'AMICI WATER SYSTEMS, PHILIPPINES');
insert into SUPPLIER (CODE, NAME, ADDRESS, PAYMENT_TERM_ID) values ('ABENSON', 'ABENSON AVANT', '36 GEN. P. ALVAREZ ST., BRGY. 69, CALOOCAN CITY', 1);
insert into SUPPLIER (CODE, NAME) values ('KSERVICO', 'K SERVICO TRADE, INC.');
insert into SUPPLIER (CODE, NAME) values ('PHILGROCER', 'PHILGROCER');

insert into PRICING_SCHEME (ID, NAME) values (1, 'CANVASSER');
insert into PRICING_SCHEME (ID, NAME) values (2, 'MARKETING');